{
    "eval_loss": 0.22134734690189362,
    "eval_model_preparation_time": 0.0023,
    "eval_f1_micro": 0.615617128463476,
    "eval_f1_macro": 0.44440636499389197,
    "eval_precision_micro": 0.6968766450254431,
    "eval_recall_micro": 0.5513292149649476,
    "eval_subset_accuracy": 0.5322356594214741,
    "eval_runtime": 457.0126,
    "eval_samples_per_second": 53.557,
    "eval_steps_per_second": 6.696
}